{
	"parent": "stellarity:cursed_tome/root",
	"criteria": {
		"requirement": {
			"trigger": "minecraft:inventory_changed",
			"conditions": {
				"items": [
					{
						"items": [
							"minecraft:barrel"
						],
						"nbt": "{stellarity.special_item:\"pandoras_barrel\"}"
					}
				]
			}
		},
		"requirement2": {
			"trigger": "minecraft:location",
			"conditions": {
				"player": {
					"location": {
						"structure": "minecraft:end_city"
					}
				}
			}
		}
	},
	"requirements": [
		[
			"requirement",
			"requirement2"
		]
	],
	"rewards": {
		"function": "stellarity:items/cursed_tome/unlock/event"
	}
}
