{
	"display": {
		"icon": {
			"item": "minecraft:end_stone"
		},
		"title": {
			"translate": "advancements.story.enter_the_end.title"
		},
		"description": {
			"translate": "advancements.story.enter_the_end.description"
		},
		"frame": "task",
		"show_toast": true,
		"announce_to_chat": true,
		"hidden": false
	},
	"parent": "stellarity:story/journeys_end",
	"criteria": {
		"entered_end": {
			"trigger": "minecraft:changed_dimension",
			"conditions": {
				"to": "minecraft:the_end"
			}
		}
	},
	"requirements": [
		[
			"entered_end"
		]
	]
}
