{
	"type": "minecraft:entity",
	"pools": [
		{
			"rolls": 1,
			"bonus_rolls": 0,
			"entries": [
				{
					"type": "minecraft:item",
					"name": "minecraft:ender_pearl",
					"functions": [
						{
							"function": "minecraft:set_count",
							"count": {
								"type": "minecraft:uniform",
								"min": 0,
								"max": 1
							},
							"add": false
						},
						{
							"function": "minecraft:looting_enchant",
							"count": {
								"type": "minecraft:uniform",
								"min": 0,
								"max": 1
							}
						}
					]
				}
			],
			"conditions": [
				{
					"condition": "minecraft:location_check",
					"predicate": {
						"dimension": "minecraft:the_nether"
					}
				}
			]
		},
		{
			"rolls": {
				"min": 0,
				"max": 1
			},
			"bonus_rolls": 0,
			"entries": [
				{
					"type": "minecraft:item",
					"name": "minecraft:chorus_fruit",
					"functions": [
						{
							"function": "minecraft:set_count",
							"count": {
								"type": "minecraft:uniform",
								"min": 0,
								"max": 1
							},
							"add": false
						},
						{
							"function": "minecraft:looting_enchant",
							"count": {
								"type": "minecraft:uniform",
								"min": 0,
								"max": 1
							}
						}
					]
				}
			],
			"conditions": [
				{
					"condition": "minecraft:inverted",
					"term": {
						"condition": "minecraft:location_check",
						"predicate": {
							"dimension": "minecraft:the_nether"
						}
					}
				},
				{
					"condition": "minecraft:inverted",
					"term": {
						"condition": "minecraft:location_check",
						"predicate": {
							"dimension": "minecraft:the_end"
						}
					}
				}
			]
		},
		{
			"rolls": {
				"min": 0,
				"max": 1
			},
			"bonus_rolls": 0,
			"entries": [
				{
					"type": "minecraft:alternatives",
					"children": [
						{
							"type": "minecraft:item",
							"name": "minecraft:ender_eye",
							"conditions": [
								{
									"condition": "minecraft:random_chance",
									"chance": 0.33
								}
							]
						},
						{
							"type": "minecraft:item",
							"name": "minecraft:ender_pearl"
						}
					],
					"functions": [
						{
							"function": "minecraft:set_count",
							"count": {
								"type": "minecraft:uniform",
								"min": 0,
								"max": 1
							},
							"add": false
						},
						{
							"function": "minecraft:looting_enchant",
							"count": {
								"type": "minecraft:uniform",
								"min": 0,
								"max": 1
							}
						}
					]
				}
			],
			"conditions": [
				{
					"condition": "minecraft:location_check",
					"predicate": {
						"dimension": "minecraft:the_end"
					}
				}
			]
		}
	]
}
