{
	"type": "minecraft:vegetation_patch",
	"config": {
		"surface": "ceiling",
		"depth": {
			"type": "minecraft:uniform",
			"value": {
				"min_inclusive": 3,
				"max_inclusive": 8
			}
		},
		"vertical_range": 15,
		"extra_bottom_block_chance": 0.5,
		"extra_edge_column_chance": 0.5,
		"vegetation_chance": 1,
		"xz_radius": {
			"type": "minecraft:uniform",
			"value": {
				"min_inclusive": 2,
				"max_inclusive": 5
			}
		},
		"replaceable": "#far_end:ashfall_delta/island_bottom",
		"ground_state": {
			"type": "minecraft:simple_state_provider",
			"state": {
				"Name": "minecraft:smooth_basalt"
			}
		},
		"vegetation_feature": {
			"feature": {
				"type": "minecraft:block_column",
				"config": {
					"direction": "down",
					"allowed_placement": {
						"type": "minecraft:matching_blocks",
						"blocks": [
							"minecraft:air"
						]
					},
					"prioritize_tip": true,
					"layers": [
						{
							"height": 1,
							"provider": {
								"type": "minecraft:simple_state_provider",
								"state": {
									"Name": "minecraft:smooth_basalt"
								}
							}
						}
					]
				}
			},
			"placement": []
		}
	}
}
