{
	"temperature": 0.8,
	"downfall": 0.4,
	"has_precipitation": false,
	"creature_spawn_probability": 0,
	"effects": {
		"sky_color": 0,
		"fog_color": 0,
		"water_color": 5855577,
		"water_fog_color": 3355443,
		"grass_color": 8882055,
		"foliage_color": 9079434,
		"ambient_sound": {
			"sound_id": "stellarity:ambient.end.dark.calm"
		},
		"mood_sound": {
			"sound": "ambient.basalt_deltas.mood",
			"tick_delay": 1600,
			"block_search_extent": 5,
			"offset": 1
		},
		"additions_sound": {
			"sound": "ambient.basalt_deltas.additions",
			"tick_chance": 0.0033
		},
		"particle": {
			"options": {
				"type": "minecraft:white_ash"
			},
			"probability": 0.01
		}
	},
	"spawners": {
		"monster": [
			{
				"type": "minecraft:wither_skeleton",
				"weight": 67,
				"minCount": 1,
				"maxCount": 3
			},
			{
				"type": "minecraft:skeleton",
				"weight": 90,
				"minCount": 4,
				"maxCount": 4
			},
			{
				"type": "minecraft:silverfish",
				"weight": 40,
				"minCount": 3,
				"maxCount": 3
			}
		]
	},
	"spawn_costs": {},
	"carvers": {
		"air": [
			 
 			"stellarity:ravine",
			"stellarity:crack"
		]
	},
	"features": [
		[
			"stellarity:global/stalactite",
			"far_end:nest/hills/deepslate",
			"far_end:nest/surface/tuff"
		],
		[],
		[
			"far_end:general/dragon_egg"
		],
		[],
		[],
		[],
		[],
		[
			"far_end:nest/vegetation/dead_corals"
		],
		[],
		[
			"stellarity:nest/transition"
		]
	]
}
