{
	"type": "minecraft:block",
	"pools": [
		{
			"rolls": 1,
			"bonus_rolls": 0,
			"entries": [
				{
					"type": "minecraft:item",
					"weight": 398,
					"name": "minecraft:end_stone"
				},
				{
					"type": "minecraft:loot_table",
					"weight": 2,
					"quality": 1,
					"name": "stellarity:items/materials/enderite_shard"
				}
			],
			"conditions": [
				{
					"condition": "minecraft:survives_explosion"
				}
			]
		}
	],
	"random_sequence": "minecraft:blocks/end_stone"
}
