{
	"parent": "stellarity:events/root",
	"criteria": {
		"requirement": {
			"trigger": "minecraft:consume_item",
			"conditions": {
				"player": [
					{
						"condition": "minecraft:inverted",
						"term": {
							"condition": "minecraft:entity_properties",
							"entity": "this",
							"predicate": {
								"nbt": "{Tags:[\"stellarity.perm_buffs.endurance_brew\"]}"
							}
						}
					}
				],
				"item": {
					"items": [
						"minecraft:rabbit_stew"
					],
					"nbt": "{stellarity.special_item:\"endurance_brew\"}"
				}
			}
		}
	},
	"rewards": {
		"function": "stellarity:items/perm_buffs/endurance_brew/eat"
	}
}
