{
	"parent": "stellarity:events/root",
	"criteria": {
		"attack": {
			"trigger": "minecraft:player_hurt_entity",
			"conditions": {
				"player": {
					"equipment": {
						"mainhand": {
							"items": [
								"minecraft:netherite_hoe"
							],
							"nbt": "{stellarity.special_item:\"starless_scythe\"}"
						}
					}
				},
				"damage": {
					"blocked": false,
					"type": {
						"tags": [
							{
								"id": "stellarity:melee",
								"expected": true
							}
						]
					}
				}
			}
		},
		"kill": {
			"trigger": "minecraft:player_killed_entity",
			"conditions": {
				"player": {
					"equipment": {
						"mainhand": {
							"items": [
								"minecraft:netherite_hoe"
							],
							"nbt": "{stellarity.special_item:\"starless_scythe\"}"
						}
					}
				},
				"killing_blow": {
					"tags": [
						{
							"id": "stellarity:melee",
							"expected": true
						}
					]
				}
			}
		}
	},
	"requirements": [
		[	
			"attack",
			"kill"
		]
	],
	"rewards": {
		"function": "stellarity:items/starless_scythe/attack"
	}
}
