{
	"criteria": {
		"requirement": {
			"trigger": "minecraft:using_item",
			"conditions": {
				"player": [
					{
						"condition": "minecraft:entity_properties",
						"entity": "this",
						"predicate": {
							"flags": {
								"is_sneaking": true
							}
						}
					},
					{
						"condition": "minecraft:inverted",
						"term": {
							"condition": "minecraft:entity_properties",
							"entity": "this",
							"predicate": {
								"nbt": "{Tags:[\"stellarity.items.elektra_shield.using\"]}"
							}
						}
					},
					{
						"condition": "minecraft:inverted",
						"term": {
							"condition": "minecraft:entity_scores",
							"entity": "this",
							"scores": {
								"stellarity.items.elektra_shield.dashes": 0
							}
						}
					}
				],
				"item": {
					"items": [
						"minecraft:shield"
					],
					"nbt": "{stellarity.special_item:\"copper_elektra_shield\"}"
				}
			}
		}
	},
	"rewards": {
		"function": "stellarity:items/elektra_shield/use"
	}
}
